Workbook

Sheet Dashboard
A1: STOCK CONTROL DASHBOARD
A3: Movement-based inventory | Shopify SKU ready | no manual stock counts
B5: Active SKUs | F5: Units on Hand | J5: Low Stock
B6: =COUNTIF(Catalog!$N$2:$N$201,"Yes") | F6: =SUM(Inventory_Live!$G$2:$G$201) | J6: =COUNTIF(Inventory_Live!$I$2:$I$201,"Reorder")
B10: Out of Stock | F10: Stock @ Cost | J10: Stock @ Retail
B11: =COUNTIF(Inventory_Live!$I$2:$I$201,"Out of stock") | F11: =SUM(Inventory_Live!$L$2:$L$201) | J11: =SUM(Inventory_Live!$M$2:$M$201)
A16: Location split | F16: How to use
A17: Studio | B17: =SUM(Inventory_Live!$D$2:$D$201) | F17: 1. Add each product once in Catalog. 2. Log every movement in Transactions. 3. Never type into Inventory_Live. 4. Match Shopify Variant SKU exactly.
A18: Knokke | B18: =SUM(Inventory_Live!$E$2:$E$201)
A19: Warehouse | B19: =SUM(Inventory_Live!$F$2:$F$201)
A20: Total units | B20: =SUM(Inventory_Live!$G$2:$G$201)

Sheet Start_Here
A1: START HERE
A4: This workbook is movement-based and Shopify sync-ready. Edit only the warm cells in Catalog and Transactions.
A8: 1. Build your catalog | D8: 2. Log every movement | G8: 3. Let inventory calculate
A9: Add each SKU once. Use the same Variant SKU in Shopify. | D9: Received, Sold, Transfer In, Transfer Out, Adjustment In, Adjustment Out, Return In. | G9: Inventory_Live and Dashboard update from the movement log - no manual stock numbers.
A15: Rules that keep this clean
A16: Use one SKU per sellable variant. | B16: =A16
A17: Transfers need 2 lines: one Transfer Out and one Transfer In. | B17: =A17
A18: Keep quantity positive - the movement type controls the sign automatically. | B18: =A18
A19: Do not overwrite formulas in Dashboard, Inventory_Live, or Shopify_Export. | B19: =A19

Sheet Catalog
A1: SKU | B1: Handle | C1: Product | D1: Variant | E1: Category | F1: Vendor | G1: Product Type | H1: Option1 Name | I1: Option1 Value | J1: Barcode | K1: Cost | L1: Retail Price | M1: Reorder Point | N1: Active
A2: SKU-001 | B2: signature-soap | C2: Signature Soap | D2: 500 ml | E2: Body | F2: Your Brand | G2: Body care | H2: Size | I2: 500 ml | K2: 18 | L2: 39 | M2: 6 | N2: Yes
A3: SKU-002 | B3: signature-soap | C3: Signature Soap | D3: 250 ml | E3: Body | F3: Your Brand | G3: Body care | H3: Size | I3: 250 ml | K3: 11 | L3: 24 | M3: 8 | N3: Yes
A4: SKU-003 | B4: candle-stone | C4: Stone Candle | D4: Standard | E4: Home | F4: Your Brand | G4: Home fragrance | H4: Title | I4: Default Title | K4: 22 | L4: 48 | M4: 4 | N4: Yes

Sheet Transactions
A1: Date | B1: SKU | C1: Movement Type | D1: Qty | E1: Location | F1: Reference | G1: Notes | H1: Signed Qty
A2: 2026-04-16 | B2: SKU-001 | C2: Received | D2: 24 | E2: Warehouse | F2: PO-001 | G2: Initial stock | H2: =IF(C2="","",IF(OR(C2="Received",C2="Transfer In",C2="Adjustment In",C2="Return In"),D2,-D2))
A3: 2026-04-16 | B3: SKU-002 | C3: Received | D3: 18 | E3: Warehouse | F3: PO-001 | G3: Initial stock | H3: =IF(C3="","",IF(OR(C3="Received",C3="Transfer In",C3="Adjustment In",C3="Return In"),D3,-D3))
A4: 2026-04-16 | B4: SKU-003 | C4: Received | D4: 10 | E4: Warehouse | F4: PO-002 | G4: Initial stock | H4: =IF(C4="","",IF(OR(C4="Received",C4="Transfer In",C4="Adjustment In",C4="Return In"),D4,-D4))
A5: 2026-04-16 | B5: SKU-001 | C5: Transfer In | D5: 6 | E5: Studio | F5: MOVE-001 | G5: From warehouse | H5: =IF(C5="","",IF(OR(C5="Received",C5="Transfer In",C5="Adjustment In",C5="Return In"),D5,-D5))
A6: 2026-04-16 | B6: SKU-001 | C6: Transfer Out | D6: 6 | E6: Warehouse | F6: MOVE-001 | G6: To studio | H6: =IF(C6="","",IF(OR(C6="Received",C6="Transfer In",C6="Adjustment In",C6="Return In"),D6,-D6))
H7: =IF(C7="","",IF(OR(C7="Received",C7="Transfer In",C7="Adjustment In",C7="Return In"),D7,-D7))
H8: =IF(C8="","",IF(OR(C8="Received",C8="Transfer In",C8="Adjustment In",C8="Return In"),D8,-D8))
H9: =IF(C9="","",IF(OR(C9="Received",C9="Transfer In",C9="Adjustment In",C9="Return In"),D9,-D9))
H10: =IF(C10="","",IF(OR(C10="Received",C10="Transfer In",C10="Adjustment In",C10="Return In"),D10,-D10))
H11: =IF(C11="","",IF(OR(C11="Received",C11="Transfer In",C11="Adjustment In",C11="Return In"),D11,-D11))
H12: =IF(C12="","",IF(OR(C12="Received",C12="Transfer In",C12="Adjustment In",C12="Return In"),D12,-D12))
H13: =IF(C13="","",IF(OR(C13="Received",C13="Transfer In",C13="Adjustment In",C13="Return In"),D13,-D13))
H14: =IF(C14="","",IF(OR(C14="Received",C14="Transfer In",C14="Adjustment In",C14="Return In"),D14,-D14))
H15: =IF(C15="","",IF(OR(C15="Received",C15="Transfer In",C15="Adjustment In",C15="Return In"),D15,-D15))
H16: =IF(C16="","",IF(OR(C16="Received",C16="Transfer In",C16="Adjustment In",C16="Return In"),D16,-D16))
H17: =IF(C17="","",IF(OR(C17="Received",C17="Transfer In",C17="Adjustment In",C17="Return In"),D17,-D17))
H18: =IF(C18="","",IF(OR(C18="Received",C18="Transfer In",C18="Adjustment In",C18="Return In"),D18,-D18))
... H1001: =IF(C1001="","",IF(OR(C1001="Received",C1001="Transfer In",C1001="Adjustment In",C1001="Return In"),D1001,-D1001))

Sheet Inventory_Live
A1: SKU | B1: Product | C1: Variant | D1: Studio | E1: Knokke | F1: Warehouse | G1: Total | H1: Reorder Point | I1: Status | J1: Handle | K1: Cost | L1: Stock @ Cost | M1: Stock @ Retail | N1: Last_Webhook_Update
A2: =IF(Catalog!A2="","",Catalog!A2) | B2: =IF($A2="","",VLOOKUP($A2,Catalog!$A$2:$N$201,3,FALSE)) | C2: =IF($A2="","",VLOOKUP($A2,Catalog!$A$2:$N$201,4,FALSE)) | D2: =IF($A2="","",SUMIFS(Transactions!$H$2:$H$1001,Transactions!$B$2:$B$1001,$A2,Transactions!$E$2:$E$1001,"Studio")) | E2: =IF($A2="","",SUMIFS(Transactions!$H$2:$H$1001,Transactions!$B$2:$B$1001,$A2,Transactions!$E$2:$E$1001,"Knokke")) | F2: =IF($A2="","",SUMIFS(Transactions!$H$2:$H$1001,Transactions!$B$2:$B$1001,$A2,Transactions!$E$2:$E$1001,"Warehouse")) | G2: =IF($A2="","",SUM(D2:F2)) | H2: =IF($A2="","",VLOOKUP($A2,Catalog!$A$2:$N$201,13,FALSE)) | I2: =IF($A2="","",IF(G2<=0,"Out of stock",IF(G2<=H2,"Reorder","Healthy"))) | J2: =IF($A2="","",VLOOKUP($A2,Catalog!$A$2:$N$201,2,FALSE)) | K2: =IF($A2="","",VLOOKUP($A2,Catalog!$A$2:$N$201,11,FALSE)) | L2: =IF($A2="","",G2*K2) | M2: =IF($A2="","",G2*VLOOKUP($A2,Catalog!$A$2:$N$201,12,FALSE))
A3: =IF(Catalog!A3="","",Catalog!A3) | B3: =IF($A3="","",VLOOKUP($A3,Catalog!$A$2:$N$201,3,FALSE)) | C3: =IF($A3="","",VLOOKUP($A3,Catalog!$A$2:$N$201,4,FALSE)) | D3: =IF($A3="","",SUMIFS(Transactions!$H$2:$H$1001,Transactions!$B$2:$B$1001,$A3,Transactions!$E$2:$E$1001,"Studio")) | E3: =IF($A3="","",SUMIFS(Transactions!$H$2:$H$1001,Transactions!$B$2:$B$1001,$A3,Transactions!$E$2:$E$1001,"Knokke")) | F3: =IF($A3="","",SUMIFS(Transactions!$H$2:$H$1001,Transactions!$B$2:$B$1001,$A3,Transactions!$E$2:$E$1001,"Warehouse")) | G3: =IF($A3="","",SUM(D3:F3)) | H3: =IF($A3="","",VLOOKUP($A3,Catalog!$A$2:$N$201,13,FALSE)) | I3: =IF($A3="","",IF(G3<=0,"Out of stock",IF(G3<=H3,"Reorder","Healthy"))) | J3: =IF($A3="","",VLOOKUP($A3,Catalog!$A$2:$N$201,2,FALSE)) | K3: =IF($A3="","",VLOOKUP($A3,Catalog!$A$2:$N$201,11,FALSE)) | L3: =IF($A3="","",G3*K3) | M3: =IF($A3="","",G3*VLOOKUP($A3,Catalog!$A$2:$N$201,12,FALSE))
A4: =IF(Catalog!A4="","",Catalog!A4) | B4: =IF($A4="","",VLOOKUP($A4,Catalog!$A$2:$N$201,3,FALSE)) | C4: =IF($A4="","",VLOOKUP($A4,Catalog!$A$2:$N$201,4,FALSE)) | D4: =IF($A4="","",SUMIFS(Transactions!$H$2:$H$1001,Transactions!$B$2:$B$1001,$A4,Transactions!$E$2:$E$1001,"Studio")) | E4: =IF($A4="","",SUMIFS(Transactions!$H$2:$H$1001,Transactions!$B$2:$B$1001,$A4,Transactions!$E$2:$E$1001,"Knokke")) | F4: =IF($A4="","",SUMIFS(Transactions!$H$2:$H$1001,Transactions!$B$2:$B$1001,$A4,Transactions!$E$2:$E$1001,"Warehouse")) | G4: =IF($A4="","",SUM(D4:F4)) | H4: =IF($A4="","",VLOOKUP($A4,Catalog!$A$2:$N$201,13,FALSE)) | I4: =IF($A4="","",IF(G4<=0,"Out of stock",IF(G4<=H4,"Reorder","Healthy"))) | J4: =IF($A4="","",VLOOKUP($A4,Catalog!$A$2:$N$201,2,FALSE)) | K4: =IF($A4="","",VLOOKUP($A4,Catalog!$A$2:$N$201,11,FALSE)) | L4: =IF($A4="","",G4*K4) | M4: =IF($A4="","",G4*VLOOKUP($A4,Catalog!$A$2:$N$201,12,FALSE))
A5: =IF(Catalog!A5="","",Catalog!A5) | B5: =IF($A5="","",VLOOKUP($A5,Catalog!$A$2:$N$201,3,FALSE)) | C5: =IF($A5="","",VLOOKUP($A5,Catalog!$A$2:$N$201,4,FALSE)) | D5: =IF($A5="","",SUMIFS(Transactions!$H$2:$H$1001,Transactions!$B$2:$B$1001,$A5,Transactions!$E$2:$E$1001,"Studio")) | E5: =IF($A5="","",SUMIFS(Transactions!$H$2:$H$1001,Transactions!$B$2:$B$1001,$A5,Transactions!$E$2:$E$1001,"Knokke")) | F5: =IF($A5="","",SUMIFS(Transactions!$H$2:$H$1001,Transactions!$B$2:$B$1001,$A5,Transactions!$E$2:$E$1001,"Warehouse")) | G5: =IF($A5="","",SUM(D5:F5)) | H5: =IF($A5="","",VLOOKUP($A5,Catalog!$A$2:$N$201,13,FALSE)) | I5: =IF($A5="","",IF(G5<=0,"Out of stock",IF(G5<=H5,"Reorder","Healthy"))) | J5: =IF($A5="","",VLOOKUP($A5,Catalog!$A$2:$N$201,2,FALSE)) | K5: =IF($A5="","",VLOOKUP($A5,Catalog!$A$2:$N$201,11,FALSE)) | L5: =IF($A5="","",G5*K5) | M5: =IF($A5="","",G5*VLOOKUP($A5,Catalog!$A$2:$N$201,12,FALSE))
A6: =IF(Catalog!A6="","",Catalog!A6) | B6: =IF($A6="","",VLOOKUP($A6,Catalog!$A$2:$N$201,3,FALSE)) | C6: =IF($A6="","",VLOOKUP($A6,Catalog!$A$2:$N$201,4,FALSE)) | D6: =IF($A6="","",SUMIFS(Transactions!$H$2:$H$1001,Transactions!$B$2:$B$1001,$A6,Transactions!$E$2:$E$1001,"Studio")) | E6: =IF($A6="","",SUMIFS(Transactions!$H$2:$H$1001,Transactions!$B$2:$B$1001,$A6,Transactions!$E$2:$E$1001,"Knokke")) | F6: =IF($A6="","",SUMIFS(Transactions!$H$2:$H$1001,Transactions!$B$2:$B$1001,$A6,Transactions!$E$2:$E$1001,"Warehouse")) | G6: =IF($A6="","",SUM(D6:F6)) | H6: =IF($A6="","",VLOOKUP($A6,Catalog!$A$2:$N$201,13,FALSE)) | I6: =IF($A6="","",IF(G6<=0,"Out of stock",IF(G6<=H6,"Reorder","Healthy"))) | J6: =IF($A6="","",VLOOKUP($A6,Catalog!$A$2:$N$201,2,FALSE)) | K6: =IF($A6="","",VLOOKUP($A6,Catalog!$A$2:$N$201,11,FALSE)) | L6: =IF($A6="","",G6*K6) | M6: =IF($A6="","",G6*VLOOKUP($A6,Catalog!$A$2:$N$201,12,FALSE))
A7: =IF(Catalog!A7="","",Catalog!A7) | B7: =IF($A7="","",VLOOKUP($A7,Catalog!$A$2:$N$201,3,FALSE)) | C7: =IF($A7="","",VLOOKUP($A7,Catalog!$A$2:$N$201,4,FALSE)) | D7: =IF($A7="","",SUMIFS(Transactions!$H$2:$H$1001,Transactions!$B$2:$B$1001,$A7,Transactions!$E$2:$E$1001,"Studio")) | E7: =IF($A7="","",SUMIFS(Transactions!$H$2:$H$1001,Transactions!$B$2:$B$1001,$A7,Transactions!$E$2:$E$1001,"Knokke")) | F7: =IF($A7="","",SUMIFS(Transactions!$H$2:$H$1001,Transactions!$B$2:$B$1001,$A7,Transactions!$E$2:$E$1001,"Warehouse")) | G7: =IF($A7="","",SUM(D7:F7)) | H7: =IF($A7="","",VLOOKUP($A7,Catalog!$A$2:$N$201,13,FALSE)) | I7: =IF($A7="","",IF(G7<=0,"Out of stock",IF(G7<=H7,"Reorder","Healthy"))) | J7: =IF($A7="","",VLOOKUP($A7,Catalog!$A$2:$N$201,2,FALSE)) | K7: =IF($A7="","",VLOOKUP($A7,Catalog!$A$2:$N$201,11,FALSE)) | L7: =IF($A7="","",G7*K7) | M7: =IF($A7="","",G7*VLOOKUP($A7,Catalog!$A$2:$N$201,12,FALSE))
A8: =IF(Catalog!A8="","",Catalog!A8) | B8: =IF($A8="","",VLOOKUP($A8,Catalog!$A$2:$N$201,3,FALSE)) | C8: =IF($A8="","",VLOOKUP($A8,Catalog!$A$2:$N$201,4,FALSE)) | D8: =IF($A8="","",SUMIFS(Transactions!$H$2:$H$1001,Transactions!$B$2:$B$1001,$A8,Transactions!$E$2:$E$1001,"Studio")) | E8: =IF($A8="","",SUMIFS(Transactions!$H$2:$H$1001,Transactions!$B$2:$B$1001,$A8,Transactions!$E$2:$E$1001,"Knokke")) | F8: =IF($A8="","",SUMIFS(Transactions!$H$2:$H$1001,Transactions!$B$2:$B$1001,$A8,Transactions!$E$2:$E$1001,"Warehouse")) | G8: =IF($A8="","",SUM(D8:F8)) | H8: =IF($A8="","",VLOOKUP($A8,Catalog!$A$2:$N$201,13,FALSE)) | I8: =IF($A8="","",IF(G8<=0,"Out of stock",IF(G8<=H8,"Reorder","Healthy"))) | J8: =IF($A8="","",VLOOKUP($A8,Catalog!$A$2:$N$201,2,FALSE)) | K8: =IF($A8="","",VLOOKUP($A8,Catalog!$A$2:$N$201,11,FALSE)) | L8: =IF($A8="","",G8*K8) | M8: =IF($A8="","",G8*VLOOKUP($A8,Catalog!$A$2:$N$201,12,FALSE))
A9: =IF(Catalog!A9="","",Catalog!A9) | B9: =IF($A9="","",VLOOKUP($A9,Catalog!$A$2:$N$201,3,FALSE)) | C9: =IF($A9="","",VLOOKUP($A9,Catalog!$A$2:$N$201,4,FALSE)) | D9: =IF($A9="","",SUMIFS(Transactions!$H$2:$H$1001,Transactions!$B$2:$B$1001,$A9,Transactions!$E$2:$E$1001,"Studio")) | E9: =IF($A9="","",SUMIFS(Transactions!$H$2:$H$1001,Transactions!$B$2:$B$1001,$A9,Transactions!$E$2:$E$1001,"Knokke")) | F9: =IF($A9="","",SUMIFS(Transactions!$H$2:$H$1001,Transactions!$B$2:$B$1001,$A9,Transactions!$E$2:$E$1001,"Warehouse")) | G9: =IF($A9="","",SUM(D9:F9)) | H9: =IF($A9="","",VLOOKUP($A9,Catalog!$A$2:$N$201,13,FALSE)) | I9: =IF($A9="","",IF(G9<=0,"Out of stock",IF(G9<=H9,"Reorder","Healthy"))) | J9: =IF($A9="","",VLOOKUP($A9,Catalog!$A$2:$N$201,2,FALSE)) | K9: =IF($A9="","",VLOOKUP($A9,Catalog!$A$2:$N$201,11,FALSE)) | L9: =IF($A9="","",G9*K9) | M9: =IF($A9="","",G9*VLOOKUP($A9,Catalog!$A$2:$N$201,12,FALSE))
A10: =IF(Catalog!A10="","",Catalog!A10) | B10: =IF($A10="","",VLOOKUP($A10,Catalog!$A$2:$N$201,3,FALSE)) | C10: =IF($A10="","",VLOOKUP($A10,Catalog!$A$2:$N$201,4,FALSE)) | D10: =IF($A10="","",SUMIFS(Transactions!$H$2:$H$1001,Transactions!$B$2:$B$1001,$A10,Transactions!$E$2:$E$1001,"Studio")) | E10: =IF($A10="","",SUMIFS(Transactions!$H$2:$H$1001,Transactions!$B$2:$B$1001,$A10,Transactions!$E$2:$E$1001,"Knokke")) | F10: =IF($A10="","",SUMIFS(Transactions!$H$2:$H$1001,Transactions!$B$2:$B$1001,$A10,Transactions!$E$2:$E$1001,"Warehouse")) | G10: =IF($A10="","",SUM(D10:F10)) | H10: =IF($A10="","",VLOOKUP($A10,Catalog!$A$2:$N$201,13,FALSE)) | I10: =IF($A10="","",IF(G10<=0,"Out of stock",IF(G10<=H10,"Reorder","Healthy"))) | J10: =IF($A10="","",VLOOKUP($A10,Catalog!$A$2:$N$201,2,FALSE)) | K10: =IF($A10="","",VLOOKUP($A10,Catalog!$A$2:$N$201,11,FALSE)) | L10: =IF($A10="","",G10*K10) | M10: =IF($A10="","",G10*VLOOKUP($A10,Catalog!$A$2:$N$201,12,FALSE))
A11: =IF(Catalog!A11="","",Catalog!A11) | B11: =IF($A11="","",VLOOKUP($A11,Catalog!$A$2:$N$201,3,FALSE)) | C11: =IF($A11="","",VLOOKUP($A11,Catalog!$A$2:$N$201,4,FALSE)) | D11: =IF($A11="","",SUMIFS(Transactions!$H$2:$H$1001,Transactions!$B$2:$B$1001,$A11,Transactions!$E$2:$E$1001,"Studio")) | E11: =IF($A11="","",SUMIFS(Transactions!$H$2:$H$1001,Transactions!$B$2:$B$1001,$A11,Transactions!$E$2:$E$1001,"Knokke")) | F11: =IF($A11="","",SUMIFS(Transactions!$H$2:$H$1001,Transactions!$B$2:$B$1001,$A11,Transactions!$E$2:$E$1001,"Warehouse")) | G11: =IF($A11="","",SUM(D11:F11)) | H11: =IF($A11="","",VLOOKUP($A11,Catalog!$A$2:$N$201,13,FALSE)) | I11: =IF($A11="","",IF(G11<=0,"Out of stock",IF(G11<=H11,"Reorder","Healthy"))) | J11: =IF($A11="","",VLOOKUP($A11,Catalog!$A$2:$N$201,2,FALSE)) | K11: =IF($A11="","",VLOOKUP($A11,Catalog!$A$2:$N$201,11,FALSE)) | L11: =IF($A11="","",G11*K11) | M11: =IF($A11="","",G11*VLOOKUP($A11,Catalog!$A$2:$N$201,12,FALSE))
A12: =IF(Catalog!A12="","",Catalog!A12) | B12: =IF($A12="","",VLOOKUP($A12,Catalog!$A$2:$N$201,3,FALSE)) | C12: =IF($A12="","",VLOOKUP($A12,Catalog!$A$2:$N$201,4,FALSE)) | D12: =IF($A12="","",SUMIFS(Transactions!$H$2:$H$1001,Transactions!$B$2:$B$1001,$A12,Transactions!$E$2:$E$1001,"Studio")) | E12: =IF($A12="","",SUMIFS(Transactions!$H$2:$H$1001,Transactions!$B$2:$B$1001,$A12,Transactions!$E$2:$E$1001,"Knokke")) | F12: =IF($A12="","",SUMIFS(Transactions!$H$2:$H$1001,Transactions!$B$2:$B$1001,$A12,Transactions!$E$2:$E$1001,"Warehouse")) | G12: =IF($A12="","",SUM(D12:F12)) | H12: =IF($A12="","",VLOOKUP($A12,Catalog!$A$2:$N$201,13,FALSE)) | I12: =IF($A12="","",IF(G12<=0,"Out of stock",IF(G12<=H12,"Reorder","Healthy"))) | J12: =IF($A12="","",VLOOKUP($A12,Catalog!$A$2:$N$201,2,FALSE)) | K12: =IF($A12="","",VLOOKUP($A12,Catalog!$A$2:$N$201,11,FALSE)) | L12: =IF($A12="","",G12*K12) | M12: =IF($A12="","",G12*VLOOKUP($A12,Catalog!$A$2:$N$201,12,FALSE))
A13: =IF(Catalog!A13="","",Catalog!A13) | B13: =IF($A13="","",VLOOKUP($A13,Catalog!$A$2:$N$201,3,FALSE)) | C13: =IF($A13="","",VLOOKUP($A13,Catalog!$A$2:$N$201,4,FALSE)) | D13: =IF($A13="","",SUMIFS(Transactions!$H$2:$H$1001,Transactions!$B$2:$B$1001,$A13,Transactions!$E$2:$E$1001,"Studio")) | E13: =IF($A13="","",SUMIFS(Transactions!$H$2:$H$1001,Transactions!$B$2:$B$1001,$A13,Transactions!$E$2:$E$1001,"Knokke")) | F13: =IF($A13="","",SUMIFS(Transactions!$H$2:$H$1001,Transactions!$B$2:$B$1001,$A13,Transactions!$E$2:$E$1001,"Warehouse")) | G13: =IF($A13="","",SUM(D13:F13)) | H13: =IF($A13="","",VLOOKUP($A13,Catalog!$A$2:$N$201,13,FALSE)) | I13: =IF($A13="","",IF(G13<=0,"Out of stock",IF(G13<=H13,"Reorder","Healthy"))) | J13: =IF($A13="","",VLOOKUP($A13,Catalog!$A$2:$N$201,2,FALSE)) | K13: =IF($A13="","",VLOOKUP($A13,Catalog!$A$2:$N$201,11,FALSE)) | L13: =IF($A13="","",G13*K13) | M13: =IF($A13="","",G13*VLOOKUP($A13,Catalog!$A$2:$N$201,12,FALSE))
... A201: =IF(Catalog!A201="","",Catalog!A201) | B201: =IF($A201="","",VLOOKUP($A201,Catalog!$A$2:$N$201,3,FALSE)) | C201: =IF($A201="","",VLOOKUP($A201,Catalog!$A$2:$N$201,4,FALSE)) | D201: =IF($A201="","",SUMIFS(Transactions!$H$2:$H$1001,Transactions!$B$2:$B$1001,$A201,Transactions!$E$2:$E$1001,"Studio")) | E201: =IF($A201="","",SUMIFS(Transactions!$H$2:$H$1001,Transactions!$B$2:$B$1001,$A201,Transactions!$E$2:$E$1001,"Knokke")) | F201: =IF($A201="","",SUMIFS(Transactions!$H$2:$H$1001,Transactions!$B$2:$B$1001,$A201,Transactions!$E$2:$E$1001,"Warehouse")) | G201: =IF($A201="","",SUM(D201:F201)) | H201: =IF($A201="","",VLOOKUP($A201,Catalog!$A$2:$N$201,13,FALSE)) | I201: =IF($A201="","",IF(G201<=0,"Out of stock",IF(G201<=H201,"Reorder","Healthy"))) | J201: =IF($A201="","",VLOOKUP($A201,Catalog!$A$2:$N$201,2,FALSE)) | K201: =IF($A201="","",VLOOKUP($A201,Catalog!$A$2:$N$201,11,FALSE)) | L201: =IF($A201="","",G201*K201) | M201: =IF($A201="","",G201*VLOOKUP($A201,Catalog!$A$2:$N$201,12,FALSE))

Sheet Shopify_Export
A1: Handle | B1: Title | C1: Option1 Name | D1: Option1 Value | E1: Variant SKU | F1: Variant Barcode | G1: Variant Price | H1: Cost per item | I1: Vendor | J1: Type | K1: Published | L1: Inventory Tracker | M1: Inventory Policy | N1: Status | O1: Studio Available | P1: Knokke Available | Q1: Warehouse Available
A2: =IF(Catalog!N2<>"Yes","",Catalog!B2) | B2: =IF(A2="","",Catalog!C2) | C2: =IF(A2="","",Catalog!H2) | D2: =IF(A2="","",Catalog!I2) | E2: =IF(A2="","",Catalog!A2) | F2: =IF(A2="","",Catalog!J2) | G2: =IF(A2="","",Catalog!L2) | H2: =IF(A2="","",Catalog!K2) | I2: =IF(A2="","",Catalog!F2) | J2: =IF(A2="","",Catalog!G2) | K2: =IF(A2="","","TRUE") | L2: =IF(A2="","","shopify") | M2: =IF(A2="","","deny") | N2: =IF(A2="","","active") | O2: =IF(A2="","",VLOOKUP(E2,Inventory_Live!$A$2:$M$201,4,FALSE)) | P2: =IF(A2="","",VLOOKUP(E2,Inventory_Live!$A$2:$M$201,5,FALSE)) | Q2: =IF(A2="","",VLOOKUP(E2,Inventory_Live!$A$2:$M$201,6,FALSE))
A3: =IF(Catalog!N3<>"Yes","",Catalog!B3) | B3: =IF(A3="","",Catalog!C3) | C3: =IF(A3="","",Catalog!H3) | D3: =IF(A3="","",Catalog!I3) | E3: =IF(A3="","",Catalog!A3) | F3: =IF(A3="","",Catalog!J3) | G3: =IF(A3="","",Catalog!L3) | H3: =IF(A3="","",Catalog!K3) | I3: =IF(A3="","",Catalog!F3) | J3: =IF(A3="","",Catalog!G3) | K3: =IF(A3="","","TRUE") | L3: =IF(A3="","","shopify") | M3: =IF(A3="","","deny") | N3: =IF(A3="","","active") | O3: =IF(A3="","",VLOOKUP(E3,Inventory_Live!$A$2:$M$201,4,FALSE)) | P3: =IF(A3="","",VLOOKUP(E3,Inventory_Live!$A$2:$M$201,5,FALSE)) | Q3: =IF(A3="","",VLOOKUP(E3,Inventory_Live!$A$2:$M$201,6,FALSE))
A4: =IF(Catalog!N4<>"Yes","",Catalog!B4) | B4: =IF(A4="","",Catalog!C4) | C4: =IF(A4="","",Catalog!H4) | D4: =IF(A4="","",Catalog!I4) | E4: =IF(A4="","",Catalog!A4) | F4: =IF(A4="","",Catalog!J4) | G4: =IF(A4="","",Catalog!L4) | H4: =IF(A4="","",Catalog!K4) | I4: =IF(A4="","",Catalog!F4) | J4: =IF(A4="","",Catalog!G4) | K4: =IF(A4="","","TRUE") | L4: =IF(A4="","","shopify") | M4: =IF(A4="","","deny") | N4: =IF(A4="","","active") | O4: =IF(A4="","",VLOOKUP(E4,Inventory_Live!$A$2:$M$201,4,FALSE)) | P4: =IF(A4="","",VLOOKUP(E4,Inventory_Live!$A$2:$M$201,5,FALSE)) | Q4: =IF(A4="","",VLOOKUP(E4,Inventory_Live!$A$2:$M$201,6,FALSE))
A5: =IF(Catalog!N5<>"Yes","",Catalog!B5) | B5: =IF(A5="","",Catalog!C5) | C5: =IF(A5="","",Catalog!H5) | D5: =IF(A5="","",Catalog!I5) | E5: =IF(A5="","",Catalog!A5) | F5: =IF(A5="","",Catalog!J5) | G5: =IF(A5="","",Catalog!L5) | H5: =IF(A5="","",Catalog!K5) | I5: =IF(A5="","",Catalog!F5) | J5: =IF(A5="","",Catalog!G5) | K5: =IF(A5="","","TRUE") | L5: =IF(A5="","","shopify") | M5: =IF(A5="","","deny") | N5: =IF(A5="","","active") | O5: =IF(A5="","",VLOOKUP(E5,Inventory_Live!$A$2:$M$201,4,FALSE)) | P5: =IF(A5="","",VLOOKUP(E5,Inventory_Live!$A$2:$M$201,5,FALSE)) | Q5: =IF(A5="","",VLOOKUP(E5,Inventory_Live!$A$2:$M$201,6,FALSE))
A6: =IF(Catalog!N6<>"Yes","",Catalog!B6) | B6: =IF(A6="","",Catalog!C6) | C6: =IF(A6="","",Catalog!H6) | D6: =IF(A6="","",Catalog!I6) | E6: =IF(A6="","",Catalog!A6) | F6: =IF(A6="","",Catalog!J6) | G6: =IF(A6="","",Catalog!L6) | H6: =IF(A6="","",Catalog!K6) | I6: =IF(A6="","",Catalog!F6) | J6: =IF(A6="","",Catalog!G6) | K6: =IF(A6="","","TRUE") | L6: =IF(A6="","","shopify") | M6: =IF(A6="","","deny") | N6: =IF(A6="","","active") | O6: =IF(A6="","",VLOOKUP(E6,Inventory_Live!$A$2:$M$201,4,FALSE)) | P6: =IF(A6="","",VLOOKUP(E6,Inventory_Live!$A$2:$M$201,5,FALSE)) | Q6: =IF(A6="","",VLOOKUP(E6,Inventory_Live!$A$2:$M$201,6,FALSE))
A7: =IF(Catalog!N7<>"Yes","",Catalog!B7) | B7: =IF(A7="","",Catalog!C7) | C7: =IF(A7="","",Catalog!H7) | D7: =IF(A7="","",Catalog!I7) | E7: =IF(A7="","",Catalog!A7) | F7: =IF(A7="","",Catalog!J7) | G7: =IF(A7="","",Catalog!L7) | H7: =IF(A7="","",Catalog!K7) | I7: =IF(A7="","",Catalog!F7) | J7: =IF(A7="","",Catalog!G7) | K7: =IF(A7="","","TRUE") | L7: =IF(A7="","","shopify") | M7: =IF(A7="","","deny") | N7: =IF(A7="","","active") | O7: =IF(A7="","",VLOOKUP(E7,Inventory_Live!$A$2:$M$201,4,FALSE)) | P7: =IF(A7="","",VLOOKUP(E7,Inventory_Live!$A$2:$M$201,5,FALSE)) | Q7: =IF(A7="","",VLOOKUP(E7,Inventory_Live!$A$2:$M$201,6,FALSE))
A8: =IF(Catalog!N8<>"Yes","",Catalog!B8) | B8: =IF(A8="","",Catalog!C8) | C8: =IF(A8="","",Catalog!H8) | D8: =IF(A8="","",Catalog!I8) | E8: =IF(A8="","",Catalog!A8) | F8: =IF(A8="","",Catalog!J8) | G8: =IF(A8="","",Catalog!L8) | H8: =IF(A8="","",Catalog!K8) | I8: =IF(A8="","",Catalog!F8) | J8: =IF(A8="","",Catalog!G8) | K8: =IF(A8="","","TRUE") | L8: =IF(A8="","","shopify") | M8: =IF(A8="","","deny") | N8: =IF(A8="","","active") | O8: =IF(A8="","",VLOOKUP(E8,Inventory_Live!$A$2:$M$201,4,FALSE)) | P8: =IF(A8="","",VLOOKUP(E8,Inventory_Live!$A$2:$M$201,5,FALSE)) | Q8: =IF(A8="","",VLOOKUP(E8,Inventory_Live!$A$2:$M$201,6,FALSE))
A9: =IF(Catalog!N9<>"Yes","",Catalog!B9) | B9: =IF(A9="","",Catalog!C9) | C9: =IF(A9="","",Catalog!H9) | D9: =IF(A9="","",Catalog!I9) | E9: =IF(A9="","",Catalog!A9) | F9: =IF(A9="","",Catalog!J9) | G9: =IF(A9="","",Catalog!L9) | H9: =IF(A9="","",Catalog!K9) | I9: =IF(A9="","",Catalog!F9) | J9: =IF(A9="","",Catalog!G9) | K9: =IF(A9="","","TRUE") | L9: =IF(A9="","","shopify") | M9: =IF(A9="","","deny") | N9: =IF(A9="","","active") | O9: =IF(A9="","",VLOOKUP(E9,Inventory_Live!$A$2:$M$201,4,FALSE)) | P9: =IF(A9="","",VLOOKUP(E9,Inventory_Live!$A$2:$M$201,5,FALSE)) | Q9: =IF(A9="","",VLOOKUP(E9,Inventory_Live!$A$2:$M$201,6,FALSE))
A10: =IF(Catalog!N10<>"Yes","",Catalog!B10) | B10: =IF(A10="","",Catalog!C10) | C10: =IF(A10="","",Catalog!H10) | D10: =IF(A10="","",Catalog!I10) | E10: =IF(A10="","",Catalog!A10) | F10: =IF(A10="","",Catalog!J10) | G10: =IF(A10="","",Catalog!L10) | H10: =IF(A10="","",Catalog!K10) | I10: =IF(A10="","",Catalog!F10) | J10: =IF(A10="","",Catalog!G10) | K10: =IF(A10="","","TRUE") | L10: =IF(A10="","","shopify") | M10: =IF(A10="","","deny") | N10: =IF(A10="","","active") | O10: =IF(A10="","",VLOOKUP(E10,Inventory_Live!$A$2:$M$201,4,FALSE)) | P10: =IF(A10="","",VLOOKUP(E10,Inventory_Live!$A$2:$M$201,5,FALSE)) | Q10: =IF(A10="","",VLOOKUP(E10,Inventory_Live!$A$2:$M$201,6,FALSE))
A11: =IF(Catalog!N11<>"Yes","",Catalog!B11) | B11: =IF(A11="","",Catalog!C11) | C11: =IF(A11="","",Catalog!H11) | D11: =IF(A11="","",Catalog!I11) | E11: =IF(A11="","",Catalog!A11) | F11: =IF(A11="","",Catalog!J11) | G11: =IF(A11="","",Catalog!L11) | H11: =IF(A11="","",Catalog!K11) | I11: =IF(A11="","",Catalog!F11) | J11: =IF(A11="","",Catalog!G11) | K11: =IF(A11="","","TRUE") | L11: =IF(A11="","","shopify") | M11: =IF(A11="","","deny") | N11: =IF(A11="","","active") | O11: =IF(A11="","",VLOOKUP(E11,Inventory_Live!$A$2:$M$201,4,FALSE)) | P11: =IF(A11="","",VLOOKUP(E11,Inventory_Live!$A$2:$M$201,5,FALSE)) | Q11: =IF(A11="","",VLOOKUP(E11,Inventory_Live!$A$2:$M$201,6,FALSE))
A12: =IF(Catalog!N12<>"Yes","",Catalog!B12) | B12: =IF(A12="","",Catalog!C12) | C12: =IF(A12="","",Catalog!H12) | D12: =IF(A12="","",Catalog!I12) | E12: =IF(A12="","",Catalog!A12) | F12: =IF(A12="","",Catalog!J12) | G12: =IF(A12="","",Catalog!L12) | H12: =IF(A12="","",Catalog!K12) | I12: =IF(A12="","",Catalog!F12) | J12: =IF(A12="","",Catalog!G12) | K12: =IF(A12="","","TRUE") | L12: =IF(A12="","","shopify") | M12: =IF(A12="","","deny") | N12: =IF(A12="","","active") | O12: =IF(A12="","",VLOOKUP(E12,Inventory_Live!$A$2:$M$201,4,FALSE)) | P12: =IF(A12="","",VLOOKUP(E12,Inventory_Live!$A$2:$M$201,5,FALSE)) | Q12: =IF(A12="","",VLOOKUP(E12,Inventory_Live!$A$2:$M$201,6,FALSE))
A13: =IF(Catalog!N13<>"Yes","",Catalog!B13) | B13: =IF(A13="","",Catalog!C13) | C13: =IF(A13="","",Catalog!H13) | D13: =IF(A13="","",Catalog!I13) | E13: =IF(A13="","",Catalog!A13) | F13: =IF(A13="","",Catalog!J13) | G13: =IF(A13="","",Catalog!L13) | H13: =IF(A13="","",Catalog!K13) | I13: =IF(A13="","",Catalog!F13) | J13: =IF(A13="","",Catalog!G13) | K13: =IF(A13="","","TRUE") | L13: =IF(A13="","","shopify") | M13: =IF(A13="","","deny") | N13: =IF(A13="","","active") | O13: =IF(A13="","",VLOOKUP(E13,Inventory_Live!$A$2:$M$201,4,FALSE)) | P13: =IF(A13="","",VLOOKUP(E13,Inventory_Live!$A$2:$M$201,5,FALSE)) | Q13: =IF(A13="","",VLOOKUP(E13,Inventory_Live!$A$2:$M$201,6,FALSE))
... A201: =IF(Catalog!N201<>"Yes","",Catalog!B201) | B201: =IF(A201="","",Catalog!C201) | C201: =IF(A201="","",Catalog!H201) | D201: =IF(A201="","",Catalog!I201) | E201: =IF(A201="","",Catalog!A201) | F201: =IF(A201="","",Catalog!J201) | G201: =IF(A201="","",Catalog!L201) | H201: =IF(A201="","",Catalog!K201) | I201: =IF(A201="","",Catalog!F201) | J201: =IF(A201="","",Catalog!G201) | K201: =IF(A201="","","TRUE") | L201: =IF(A201="","","shopify") | M201: =IF(A201="","","deny") | N201: =IF(A201="","","active") | O201: =IF(A201="","",VLOOKUP(E201,Inventory_Live!$A$2:$M$201,4,FALSE)) | P201: =IF(A201="","",VLOOKUP(E201,Inventory_Live!$A$2:$M$201,5,FALSE)) | Q201: =IF(A201="","",VLOOKUP(E201,Inventory_Live!$A$2:$M$201,6,FALSE))

Sheet Webhook_Config
A1: WEBHOOK CONFIGURATION
A2: Configure the webhook endpoint that will update inventory from Shopify or external systems.
A4: Setting | B4: Value | C4: Description | D4: Last Updated
A5: webhook_secret | B5: YOUR_SECRET_HERE | C5: Secret token to validate webhook requests
A6: shopify_store_domain | B6: yourstore.myshopify.com | C6: Shopify store domain
A7: shopify_api_version | B7: 2024-01 | C7: Shopify API version
A8: shopify_access_token | B8: shpat_YOUR_TOKEN | C8: Shopify Admin API access token
A9: excel_file_path | B9: ./stock_control_shopify_ready.xlsx | C9: Path to this Excel file (relative)
A10: webhook_port | B10: 3000 | C10: Port the webhook server listens on
A11: auto_export_csv | B11: true | C11: Auto-export inventory CSV on each webhook call
A12: locations | B12: Studio,Knokke,Warehouse | C12: Comma-separated location names

Sheet Last_Sync
A1: WEBHOOK SYNC LOG
A3: Timestamp | B3: SKU | C3: Location | D3: Old Qty | E3: New Qty | F3: Delta | G3: Source
